{
    "imputer_statistics": [
        13.0,
        5.0,
        18.0,
        7.0,
        1.0,
        1166.155,
        1.0,
        0.028043110882937334,
        9.41,
        0.026682451422553353,
        3.0,
        225.0
    ],
    "scaler_center": [
        13.0,
        5.0,
        18.0,
        7.0,
        1.0,
        1166.155,
        1.0,
        0.028043110882937334,
        9.41,
        0.026682451422553353,
        3.0,
        225.0
    ],
    "scaler_scale": [
        12.0,
        3.0,
        18.0,
        6.0,
        1.0,
        1379.89,
        1.0,
        0.05958927563076184,
        9.16,
        0.02641368320680435,
        3.0,
        138.0
    ]
}